functional_class,CpG,map,ratio,annotation
d_1,TRUE,ratio_roulette,1.29404937983977,Functional
d_1,TRUE,ratio_carlson,1.18222230621199,Functional
d_1,TRUE,ratio_gnomad,1.13544002780985,Functional
d_2,TRUE,ratio_roulette,1.30933317126356,Functional
d_2,TRUE,ratio_carlson,1.20930275924478,Functional
d_2,TRUE,ratio_gnomad,1.17296021717,Functional
d_3,TRUE,ratio_roulette,1.30957608454525,Functional
d_3,TRUE,ratio_carlson,1.2116905224383,Functional
d_3,TRUE,ratio_gnomad,1.16538513266343,Functional
d_4,TRUE,ratio_roulette,1.28563179402169,Functional
d_4,TRUE,ratio_carlson,1.19511846531413,Functional
d_4,TRUE,ratio_gnomad,1.13534229667518,Functional
d_5,TRUE,ratio_roulette,1.2581011472634,Functional
d_5,TRUE,ratio_carlson,1.17521103702683,Functional
d_5,TRUE,ratio_gnomad,1.13153470798587,Functional
d_6,TRUE,ratio_roulette,1.22910232914667,Functional
d_6,TRUE,ratio_carlson,1.17106130108831,Functional
d_6,TRUE,ratio_gnomad,1.11194994506589,Functional
d_7,TRUE,ratio_roulette,1.22075445134574,Functional
d_7,TRUE,ratio_carlson,1.15375298718744,Functional
d_7,TRUE,ratio_gnomad,1.10255612878144,Functional
d_8,TRUE,ratio_roulette,1.21456986501682,Functional
d_8,TRUE,ratio_carlson,1.15303449269105,Functional
d_8,TRUE,ratio_gnomad,1.08757632567108,Functional
d_9,TRUE,ratio_roulette,1.23219671933379,Functional
d_9,TRUE,ratio_carlson,1.16183096538526,Functional
d_9,TRUE,ratio_gnomad,1.10267622342104,Functional
d_10,TRUE,ratio_roulette,1.24628592723146,Functional
d_10,TRUE,ratio_carlson,1.16155593892942,Functional
d_10,TRUE,ratio_gnomad,1.07211441750207,Functional
enhancer,TRUE,ratio_roulette,0.955612389104577,Functional
enhancer,TRUE,ratio_carlson,0.988209809133727,Functional
enhancer,TRUE,ratio_gnomad,0.778050740249066,Functional
promoter,TRUE,ratio_roulette,1.00954786613023,Functional
promoter,TRUE,ratio_carlson,1.10019167500687,Functional
promoter,TRUE,ratio_gnomad,1.12656533596519,Functional
d_1,FALSE,ratio_roulette,0.987897512046537,Functional
d_1,FALSE,ratio_carlson,0.975203119098552,Functional
d_1,FALSE,ratio_gnomad,0.777223593553327,Functional
d_2,FALSE,ratio_roulette,0.978259187826684,Functional
d_2,FALSE,ratio_carlson,0.985533428552893,Functional
d_2,FALSE,ratio_gnomad,0.780941209960224,Functional
d_3,FALSE,ratio_roulette,0.973726031427798,Functional
d_3,FALSE,ratio_carlson,0.983564085519019,Functional
d_3,FALSE,ratio_gnomad,0.78187289610519,Functional
d_4,FALSE,ratio_roulette,0.972436811395602,Functional
d_4,FALSE,ratio_carlson,0.981391175022505,Functional
d_4,FALSE,ratio_gnomad,0.77897984086945,Functional
d_5,FALSE,ratio_roulette,0.968526130457448,Functional
d_5,FALSE,ratio_carlson,0.973189857065855,Functional
d_5,FALSE,ratio_gnomad,0.780182909020972,Functional
d_6,FALSE,ratio_roulette,0.971983363380301,Functional
d_6,FALSE,ratio_carlson,0.980028399801524,Functional
d_6,FALSE,ratio_gnomad,0.77953599960628,Functional
d_7,FALSE,ratio_roulette,0.978490999161607,Functional
d_7,FALSE,ratio_carlson,0.979208405350694,Functional
d_7,FALSE,ratio_gnomad,0.779597100720005,Functional
d_8,FALSE,ratio_roulette,0.973952903324142,Functional
d_8,FALSE,ratio_carlson,0.978250548250998,Functional
d_8,FALSE,ratio_gnomad,0.777812633369253,Functional
d_9,FALSE,ratio_roulette,0.979156789079437,Functional
d_9,FALSE,ratio_carlson,0.983429419164405,Functional
d_9,FALSE,ratio_gnomad,0.778694219584836,Functional
d_10,FALSE,ratio_roulette,0.978317977731446,Functional
d_10,FALSE,ratio_carlson,0.985177193178886,Functional
d_10,FALSE,ratio_gnomad,0.779820249541763,Functional
enhancer,FALSE,ratio_roulette,0.967497681946265,Functional
enhancer,FALSE,ratio_carlson,0.994325112656073,Functional
enhancer,FALSE,ratio_gnomad,0.754368514857728,Functional
promoter,FALSE,ratio_roulette,0.989539934329154,Functional
promoter,FALSE,ratio_carlson,1.00485774998051,Functional
promoter,FALSE,ratio_gnomad,0.773336341906933,Functional
