func_class,map,hasCpG,med_ratio,se_ratio,mean_B,class,annotation
decile_8,roulette,TRUE,1.14202649400358,0.00356677815372296,0.650981756760818,d_8,Functional
decile_8,gnomad,TRUE,1.15508656132229,0.00343322584581962,0.650981756760818,d_8,Functional
decile_8,carlson,TRUE,1.1228115340714,0.003194439588333,0.650981756760818,d_8,Functional
decile_8,roulette,FALSE,0.99738660554304,0.000767486758084794,0.650981756760818,d_8,Functional
decile_8,gnomad,FALSE,1.01597704791618,0.000568910910739958,0.650981756760818,d_8,Functional
decile_8,carlson,FALSE,1.00913092882854,0.000952624461749454,0.650981756760818,d_8,Functional
promoter,roulette,TRUE,0.915542127824639,0.00134473720177271,0.618542396925755,promoter,Functional
promoter,gnomad,TRUE,0.941344807053849,0.00258013998485725,0.618542396925755,promoter,Functional
promoter,carlson,TRUE,0.985553783590609,0.00148063287838962,0.618542396925755,promoter,Functional
promoter,roulette,FALSE,0.980511297286008,0.000695100318048006,0.618542396925755,promoter,Functional
promoter,gnomad,FALSE,0.994068444035829,0.000575957955570512,0.618542396925755,promoter,Functional
promoter,carlson,FALSE,1.01941140856321,0.000788380530951259,0.618542396925755,promoter,Functional
enhancer,roulette,TRUE,0.958142716549849,0.000327167343956089,0.697255856649054,enhancer,Functional
enhancer,gnomad,TRUE,0.97149575067508,0.000327048129454344,0.697255856649054,enhancer,Functional
enhancer,carlson,TRUE,0.985426917427784,0.000292473979053899,0.697255856649054,enhancer,Functional
enhancer,roulette,FALSE,0.991560633663245,0.000108041197672288,0.697255856649054,enhancer,Functional
enhancer,gnomad,FALSE,0.999821184364493,9.83109667006019e-05,0.697255856649054,enhancer,Functional
enhancer,carlson,FALSE,1.01341683918449,0.000121140637059231,0.697255856649054,enhancer,Functional
decile_7,roulette,TRUE,1.15195113746367,0.00359444626462127,0.631973023092587,d_7,Functional
decile_7,gnomad,TRUE,1.16255230626662,0.00358413088409147,0.631973023092587,d_7,Functional
decile_7,carlson,TRUE,1.13284721264155,0.0032310709353779,0.631973023092587,d_7,Functional
decile_7,roulette,FALSE,0.998321280403856,0.000847794186878924,0.631973023092587,d_7,Functional
decile_7,gnomad,FALSE,1.01745543759122,0.000611094787210296,0.631973023092587,d_7,Functional
decile_7,carlson,FALSE,1.00897119937138,0.00101346428791664,0.631973023092587,d_7,Functional
decile_10,roulette,TRUE,1.15549312575467,0.00285734641653789,0.675712044854647,d_10,Functional
decile_10,gnomad,TRUE,1.16514922000172,0.00278920832897346,0.675712044854647,d_10,Functional
decile_10,carlson,TRUE,1.13428683006262,0.00256767177463571,0.675712044854647,d_10,Functional
decile_10,roulette,FALSE,0.997116190124608,0.000635082303913759,0.675712044854647,d_10,Functional
decile_10,gnomad,FALSE,1.01612765200885,0.000486499052691468,0.675712044854647,d_10,Functional
decile_10,carlson,FALSE,1.01089569054807,0.000759336664024,0.675712044854647,d_10,Functional
decile_9,roulette,TRUE,1.13991767745485,0.00322305746337419,0.660813030951712,d_9,Functional
decile_9,gnomad,TRUE,1.15443900250079,0.00326720334749942,0.660813030951712,d_9,Functional
decile_9,carlson,TRUE,1.12354135832315,0.00289359780958091,0.660813030951712,d_9,Functional
decile_9,roulette,FALSE,0.996440097785177,0.000762666381173272,0.660813030951712,d_9,Functional
decile_9,gnomad,FALSE,1.01575428012429,0.000584518377196653,0.660813030951712,d_9,Functional
decile_9,carlson,FALSE,1.00945750702674,0.000965687029175674,0.660813030951712,d_9,Functional
decile_4,roulette,TRUE,1.19331864519001,0.00282762522844792,0.613232862624241,d_4,Functional
decile_4,gnomad,TRUE,1.2015216594355,0.00271173238792295,0.613232862624241,d_4,Functional
decile_4,carlson,TRUE,1.16453792878747,0.00238539297826192,0.613232862624241,d_4,Functional
decile_4,roulette,FALSE,1.00194625416866,0.000606795101016378,0.613232862624241,d_4,Functional
decile_4,gnomad,FALSE,1.01938877526994,0.000452809352877427,0.613232862624241,d_4,Functional
decile_4,carlson,FALSE,1.01298090370294,0.000722606465559109,0.613232862624241,d_4,Functional
decile_6,roulette,TRUE,1.16997682128319,0.00361102038286378,0.620756983494812,d_6,Functional
decile_6,gnomad,TRUE,1.1817962255518,0.00349777973890095,0.620756983494812,d_6,Functional
decile_6,carlson,TRUE,1.15179601577368,0.00305024649130133,0.620756983494812,d_6,Functional
decile_6,roulette,FALSE,1.00129980976121,0.000751152039309239,0.620756983494812,d_6,Functional
decile_6,gnomad,FALSE,1.01943706837039,0.000555596624174696,0.620756983494812,d_6,Functional
decile_6,carlson,FALSE,1.012461140696,0.000863323372529527,0.620756983494812,d_6,Functional
decile_2,roulette,TRUE,1.20976840849591,0.0026739624616121,0.583139905351687,d_2,Functional
decile_2,gnomad,TRUE,1.21892007043024,0.00256775997219766,0.583139905351687,d_2,Functional
decile_2,carlson,TRUE,1.17614275013637,0.00227968821232637,0.583139905351687,d_2,Functional
decile_2,roulette,FALSE,1.00464787311202,0.000595139215136057,0.583139905351687,d_2,Functional
decile_2,gnomad,FALSE,1.02119227456752,0.000439544663609913,0.583139905351687,d_2,Functional
decile_2,carlson,FALSE,1.01327591529775,0.000691748261981515,0.583139905351687,d_2,Functional
decile_5,roulette,TRUE,1.18058055475753,0.00303925738668146,0.606944695049554,d_5,Functional
decile_5,gnomad,TRUE,1.1901272659744,0.00293674642332827,0.606944695049554,d_5,Functional
decile_5,carlson,TRUE,1.15769675131859,0.00263923821378184,0.606944695049554,d_5,Functional
decile_5,roulette,FALSE,1.00004695034565,0.000653189977327476,0.606944695049554,d_5,Functional
decile_5,gnomad,FALSE,1.01786607434101,0.000490636890758269,0.606944695049554,d_5,Functional
decile_5,carlson,FALSE,1.01232483834517,0.000777394794705437,0.606944695049554,d_5,Functional
decile_3,roulette,TRUE,1.21441384751212,0.00283103845942454,0.61662554948117,d_3,Functional
decile_3,gnomad,TRUE,1.22051849781572,0.00269885138490088,0.61662554948117,d_3,Functional
decile_3,carlson,TRUE,1.17857038010074,0.00239258330420652,0.61662554948117,d_3,Functional
decile_3,roulette,FALSE,1.00385848743181,0.000597356499312651,0.61662554948117,d_3,Functional
decile_3,gnomad,FALSE,1.02160179414656,0.00043483458178804,0.61662554948117,d_3,Functional
decile_3,carlson,FALSE,1.01397056373882,0.000670055865535995,0.61662554948117,d_3,Functional
decile_1,roulette,TRUE,1.20278080052751,0.00276360770243524,0.550593723007149,d_1,Functional
decile_1,gnomad,TRUE,1.2145140705359,0.00264323584672564,0.550593723007149,d_1,Functional
decile_1,carlson,TRUE,1.17150632229222,0.00241297430058284,0.550593723007149,d_1,Functional
decile_1,roulette,FALSE,1.00796940673326,0.000604560692713011,0.550593723007149,d_1,Functional
decile_1,gnomad,FALSE,1.02323982554255,0.000437816119113966,0.550593723007149,d_1,Functional
decile_1,carlson,FALSE,1.01839818596011,0.000695194045326035,0.550593723007149,d_1,Functional
