benegas_class,CpG,map,ratio,annotation
1,TRUE,ratio_roulette,0.753616078784973,Benegas
1,TRUE,ratio_carlson,0.778239165340711,Benegas
1,TRUE,ratio_gnomad,0.669919941935449,Benegas
2,TRUE,ratio_roulette,0.664159162927997,Benegas
2,TRUE,ratio_carlson,0.708603535210748,Benegas
2,TRUE,ratio_gnomad,0.579004561864792,Benegas
3,TRUE,ratio_roulette,0.712058513452964,Benegas
3,TRUE,ratio_carlson,0.762240094076783,Benegas
3,TRUE,ratio_gnomad,0.608731471462417,Benegas
4,TRUE,ratio_roulette,0.75916026163613,Benegas
4,TRUE,ratio_carlson,0.810880755092172,Benegas
4,TRUE,ratio_gnomad,0.638065921322242,Benegas
5,TRUE,ratio_roulette,0.785439450044034,Benegas
5,TRUE,ratio_carlson,0.835182271082802,Benegas
5,TRUE,ratio_gnomad,0.652874330887661,Benegas
6,TRUE,ratio_roulette,0.794320798525254,Benegas
6,TRUE,ratio_carlson,0.83943785834992,Benegas
6,TRUE,ratio_gnomad,0.655433919277743,Benegas
7,TRUE,ratio_roulette,0.789303022268732,Benegas
7,TRUE,ratio_carlson,0.83004024409282,Benegas
7,TRUE,ratio_gnomad,0.648234212955064,Benegas
8,TRUE,ratio_roulette,0.774536046235792,Benegas
8,TRUE,ratio_carlson,0.813035466066053,Benegas
8,TRUE,ratio_gnomad,0.635068431820201,Benegas
9,TRUE,ratio_roulette,0.753879267184483,Benegas
9,TRUE,ratio_carlson,0.791954283378413,Benegas
9,TRUE,ratio_gnomad,0.618116717804303,Benegas
10,TRUE,ratio_roulette,0.732696593642239,Benegas
10,TRUE,ratio_carlson,0.771549490118331,Benegas
10,TRUE,ratio_gnomad,0.601232600836357,Benegas
11,TRUE,ratio_roulette,0.713957458511189,Benegas
11,TRUE,ratio_carlson,0.753631338556519,Benegas
11,TRUE,ratio_gnomad,0.586194955656322,Benegas
12,TRUE,ratio_roulette,0.699790515720901,Benegas
12,TRUE,ratio_carlson,0.740336459630344,Benegas
12,TRUE,ratio_gnomad,0.574821047826034,Benegas
1,FALSE,ratio_roulette,0.816093586260036,Benegas
1,FALSE,ratio_carlson,0.837790126665871,Benegas
1,FALSE,ratio_gnomad,0.665207457837653,Benegas
2,FALSE,ratio_roulette,0.797262986225731,Benegas
2,FALSE,ratio_carlson,0.821699698076356,Benegas
2,FALSE,ratio_gnomad,0.64416074314416,Benegas
3,FALSE,ratio_roulette,0.862287313341719,Benegas
3,FALSE,ratio_carlson,0.888295500237615,Benegas
3,FALSE,ratio_gnomad,0.68548890220287,Benegas
4,FALSE,ratio_roulette,0.916414349823242,Benegas
4,FALSE,ratio_carlson,0.941745843166839,Benegas
4,FALSE,ratio_gnomad,0.716388671843478,Benegas
5,FALSE,ratio_roulette,0.940602263687499,Benegas
5,FALSE,ratio_carlson,0.963014873317902,Benegas
5,FALSE,ratio_gnomad,0.727243598521858,Benegas
6,FALSE,ratio_roulette,0.942450534278294,Benegas
6,FALSE,ratio_carlson,0.960118927975434,Benegas
6,FALSE,ratio_gnomad,0.724318884875244,Benegas
7,FALSE,ratio_roulette,0.932129385357078,Benegas
7,FALSE,ratio_carlson,0.945509617260646,Benegas
7,FALSE,ratio_gnomad,0.715088294952125,Benegas
8,FALSE,ratio_roulette,0.917931033776234,Benegas
8,FALSE,ratio_carlson,0.929027993027731,Benegas
8,FALSE,ratio_gnomad,0.705212433758198,Benegas
9,FALSE,ratio_roulette,0.901913667821513,Benegas
9,FALSE,ratio_carlson,0.912350170812075,Benegas
9,FALSE,ratio_gnomad,0.694842386609135,Benegas
10,FALSE,ratio_roulette,0.885991943244843,Benegas
10,FALSE,ratio_carlson,0.896646282433032,Benegas
10,FALSE,ratio_gnomad,0.684458457161768,Benegas
11,FALSE,ratio_roulette,0.871551476300184,Benegas
11,FALSE,ratio_carlson,0.882569165598601,Benegas
11,FALSE,ratio_gnomad,0.674747773274429,Benegas
12,FALSE,ratio_roulette,0.86043834080083,Benegas
12,FALSE,ratio_carlson,0.872002405717703,Benegas
12,FALSE,ratio_gnomad,0.667167801601503,Benegas
