benegas_class,CpG,map,ratio,se,annotation
1,TRUE,ratio_roulette,0.753616078784973,0.000583863262541095,Benegas
1,TRUE,ratio_carlson,0.778239165340711,0.000475919021919267,Benegas
1,TRUE,ratio_gnomad,0.669919941935449,0.000684475644872738,Benegas
2,TRUE,ratio_roulette,0.664159162927997,0.000352160591067157,Benegas
2,TRUE,ratio_carlson,0.708603535210748,0.000298763386454163,Benegas
2,TRUE,ratio_gnomad,0.579004561864792,0.000446048889118944,Benegas
3,TRUE,ratio_roulette,0.712058513452964,0.000338208214018001,Benegas
3,TRUE,ratio_carlson,0.762240094076783,0.000297254879981903,Benegas
3,TRUE,ratio_gnomad,0.608731471462417,0.000419521384220893,Benegas
4,TRUE,ratio_roulette,0.75916026163613,0.00036162125117187,Benegas
4,TRUE,ratio_carlson,0.810880755092172,0.000322313294732639,Benegas
4,TRUE,ratio_gnomad,0.638065921322242,0.000434491235732053,Benegas
5,TRUE,ratio_roulette,0.785439450044034,0.000391374390840378,Benegas
5,TRUE,ratio_carlson,0.835182271082802,0.000350456602291809,Benegas
5,TRUE,ratio_gnomad,0.652874330887661,0.000455705492876595,Benegas
6,TRUE,ratio_roulette,0.794320798525254,0.000417777897748739,Benegas
6,TRUE,ratio_carlson,0.83943785834992,0.000373996737583047,Benegas
6,TRUE,ratio_gnomad,0.655433919277743,0.00047200520679664,Benegas
7,TRUE,ratio_roulette,0.789303022268732,0.000426849706370645,Benegas
7,TRUE,ratio_carlson,0.83004024409282,0.000380814536323799,Benegas
7,TRUE,ratio_gnomad,0.648234212955064,0.000470084867284735,Benegas
8,TRUE,ratio_roulette,0.774536046235792,0.000412725559410784,Benegas
8,TRUE,ratio_carlson,0.813035466066053,0.000366471018230839,Benegas
8,TRUE,ratio_gnomad,0.635068431820201,0.000447590404148732,Benegas
9,TRUE,ratio_roulette,0.753879267184483,0.000382535900922376,Benegas
9,TRUE,ratio_carlson,0.791954283378413,0.000341078342161495,Benegas
9,TRUE,ratio_gnomad,0.618116717804303,0.000411227253020055,Benegas
10,TRUE,ratio_roulette,0.732696593642239,0.000346722572738583,Benegas
10,TRUE,ratio_carlson,0.771549490118331,0.000309689227972503,Benegas
10,TRUE,ratio_gnomad,0.601232600836357,0.000371774563423238,Benegas
11,TRUE,ratio_roulette,0.713957458511189,0.000314719257259094,Benegas
11,TRUE,ratio_carlson,0.753631338556519,0.000282987050037747,Benegas
11,TRUE,ratio_gnomad,0.586194955656322,0.000336304258064898,Benegas
12,TRUE,ratio_roulette,0.699790515720901,0.000288320005172116,Benegas
12,TRUE,ratio_carlson,0.740336459630344,0.000261495184177153,Benegas
12,TRUE,ratio_gnomad,0.574821047826034,0.00030794819764067,Benegas
1,FALSE,ratio_roulette,0.816093586260036,0.000732777358190728,Benegas
1,FALSE,ratio_carlson,0.837790126665871,0.000569402569113801,Benegas
1,FALSE,ratio_gnomad,0.888919524320873,0.000864708793344353,Benegas
2,FALSE,ratio_roulette,0.797262986225731,0.000442585186290606,Benegas
2,FALSE,ratio_carlson,0.821699698076356,0.000357842852632199,Benegas
2,FALSE,ratio_gnomad,0.860794710936079,0.000564176452293189,Benegas
3,FALSE,ratio_roulette,0.862287313341719,0.000425546414365244,Benegas
3,FALSE,ratio_carlson,0.888295500237615,0.000356315806266777,Benegas
3,FALSE,ratio_gnomad,0.916021703746631,0.000531265393426876,Benegas
4,FALSE,ratio_roulette,0.916414349823242,0.000455099173714896,Benegas
4,FALSE,ratio_carlson,0.941745843166839,0.0003863774497458,Benegas
4,FALSE,ratio_gnomad,0.957313195907348,0.000550353362827613,Benegas
5,FALSE,ratio_roulette,0.940602263687499,0.000492627890954581,Benegas
5,FALSE,ratio_carlson,0.963014873317902,0.000420159222420487,Benegas
5,FALSE,ratio_gnomad,0.971818680092462,0.000577347953800695,Benegas
6,FALSE,ratio_roulette,0.942450534278294,0.000525987481303117,Benegas
6,FALSE,ratio_carlson,0.960118927975434,0.000448448692574701,Benegas
6,FALSE,ratio_gnomad,0.967910372942728,0.000598173316567474,Benegas
7,FALSE,ratio_roulette,0.932129385357078,0.000537523742994094,Benegas
7,FALSE,ratio_carlson,0.945509617260646,0.000456693851245315,Benegas
7,FALSE,ratio_gnomad,0.955575496796973,0.000595885895715232,Benegas
8,FALSE,ratio_roulette,0.917931033776234,0.000519823399097102,Benegas
8,FALSE,ratio_carlson,0.929027993027731,0.00043954352162197,Benegas
8,FALSE,ratio_gnomad,0.942378341937493,0.000567484449405959,Benegas
9,FALSE,ratio_roulette,0.901913667821513,0.000481847141259994,Benegas
9,FALSE,ratio_carlson,0.912350170812075,0.00040911212358512,Benegas
9,FALSE,ratio_gnomad,0.92852080430721,0.000521446997276768,Benegas
10,FALSE,ratio_roulette,0.885991943244843,0.000436770850597444,Benegas
10,FALSE,ratio_carlson,0.896646282433032,0.000371479736903084,Benegas
10,FALSE,ratio_gnomad,0.914644715703303,0.000471467640001358,Benegas
11,FALSE,ratio_roulette,0.871551476300184,0.000396477483892413,Benegas
11,FALSE,ratio_carlson,0.882569165598601,0.000339461942507068,Benegas
11,FALSE,ratio_gnomad,0.90166828797349,0.000426514661818406,Benegas
12,FALSE,ratio_roulette,0.86043834080083,0.000363237907990923,Benegas
12,FALSE,ratio_carlson,0.872002405717703,0.000313691793772553,Benegas
12,FALSE,ratio_gnomad,0.891539139939332,0.000390571841190349,Benegas
