benegas_class,CpG,map,ratio,se,annotation,phylo
1,TRUE,ratio_roulette,0.893370341239943,0.0496447648364559,GNP-Star,M
1,TRUE,ratio_carlson,0.909302946369962,0.0402003367688612,GNP-Star,M
1,TRUE,ratio_gnomad,0.828614363382929,0.0681473389485692,GNP-Star,M
1,TRUE,ratio_roulette,0.894729587499682,0.0316712817155362,GNP-Star,P
1,TRUE,ratio_carlson,0.914940390013838,0.0265139449121943,GNP-Star,P
1,TRUE,ratio_gnomad,0.831438592014834,0.0493324788969767,GNP-Star,P
1,TRUE,ratio_roulette,0.85869406083235,0.0457713505661416,GNP-Star,V
1,TRUE,ratio_carlson,0.870409602765653,0.0412274484974471,GNP-Star,V
1,TRUE,ratio_gnomad,0.775338854532674,0.0775381132046998,GNP-Star,V
2,TRUE,ratio_roulette,0.745573792010931,0.0280678660110869,GNP-Star,M
2,TRUE,ratio_carlson,0.798255507342828,0.0360383554599162,GNP-Star,M
2,TRUE,ratio_gnomad,0.681814887342245,0.0435932924290136,GNP-Star,M
2,TRUE,ratio_roulette,0.79283018721565,0.0467698810341846,GNP-Star,P
2,TRUE,ratio_carlson,0.849182466813599,0.059743871486056,GNP-Star,P
2,TRUE,ratio_gnomad,0.71072274694493,0.059329135679828,GNP-Star,P
2,TRUE,ratio_roulette,0.736136236188109,0.0425555022025888,GNP-Star,V
2,TRUE,ratio_carlson,0.776084598721974,0.0536600854956474,GNP-Star,V
2,TRUE,ratio_gnomad,0.647332673902488,0.0696308576263466,GNP-Star,V
3,TRUE,ratio_roulette,0.758222093870667,0.0609686693681332,GNP-Star,M
3,TRUE,ratio_carlson,0.814458344701819,0.0650147498628861,GNP-Star,M
3,TRUE,ratio_gnomad,0.673338556343365,0.0476455213639412,GNP-Star,M
3,TRUE,ratio_roulette,0.841285976541139,0.0703426830897165,GNP-Star,P
3,TRUE,ratio_carlson,0.899431800138284,0.0797649559043183,GNP-Star,P
3,TRUE,ratio_gnomad,0.729084799830235,0.0680957903155972,GNP-Star,P
3,TRUE,ratio_roulette,0.78575465054348,0.0425649064154818,GNP-Star,V
3,TRUE,ratio_carlson,0.828973907609237,0.048793560397306,GNP-Star,V
3,TRUE,ratio_gnomad,0.673157479168587,0.0458394658306801,GNP-Star,V
4,TRUE,ratio_roulette,0.791201712336129,0.0368180649338317,GNP-Star,M
4,TRUE,ratio_carlson,0.848098435910138,0.0344624905221366,GNP-Star,M
4,TRUE,ratio_gnomad,0.685375508699265,0.018574566457991,GNP-Star,M
4,TRUE,ratio_roulette,0.840445563909952,0.0248264516720424,GNP-Star,P
4,TRUE,ratio_carlson,0.897648833793678,0.0289018513419694,GNP-Star,P
4,TRUE,ratio_gnomad,0.713632485176858,0.0139618985607615,GNP-Star,P
4,TRUE,ratio_roulette,0.826782761687074,0.0288979496248889,GNP-Star,V
4,TRUE,ratio_carlson,0.866525824197393,0.0218259260928652,GNP-Star,V
4,TRUE,ratio_gnomad,0.693561117982253,0.0129475103514498,GNP-Star,V
5,TRUE,ratio_roulette,0.832068169870091,0.0117810508548605,GNP-Star,M
5,TRUE,ratio_carlson,0.888552339990489,0.00709578295167807,GNP-Star,M
5,TRUE,ratio_gnomad,0.706629034340484,0.0181939093330703,GNP-Star,M
5,TRUE,ratio_roulette,0.850037337251919,0.0189996606257449,GNP-Star,P
5,TRUE,ratio_carlson,0.906313195181083,0.0048612627754892,GNP-Star,P
5,TRUE,ratio_gnomad,0.71050505910282,0.0297484024503698,GNP-Star,P
5,TRUE,ratio_roulette,0.848194181431717,0.018868934709255,GNP-Star,V
5,TRUE,ratio_carlson,0.880753730684529,0.0054201561299984,GNP-Star,V
5,TRUE,ratio_gnomad,0.709225987322753,0.0239358225366889,GNP-Star,V
6,TRUE,ratio_roulette,0.864978402251198,0.0201246575492219,GNP-Star,M
6,TRUE,ratio_carlson,0.91979259448709,0.0307096329690771,GNP-Star,M
6,TRUE,ratio_gnomad,0.724011674869536,0.0316626972989367,GNP-Star,M
6,TRUE,ratio_roulette,0.871897162130634,0.0260075093444859,GNP-Star,P
6,TRUE,ratio_carlson,0.925975179580499,0.0194966033458056,GNP-Star,P
6,TRUE,ratio_gnomad,0.721751592023778,0.0528114362130451,GNP-Star,P
6,TRUE,ratio_roulette,0.868706132811751,0.0163968633053969,GNP-Star,V
6,TRUE,ratio_carlson,0.891500720660851,0.0272812694938079,GNP-Star,V
6,TRUE,ratio_gnomad,0.737024196667778,0.048614143251054,GNP-Star,V
7,TRUE,ratio_roulette,0.887029439538087,0.0223295549624905,GNP-Star,M
7,TRUE,ratio_carlson,0.939337658160525,0.0248560263924651,GNP-Star,M
7,TRUE,ratio_gnomad,0.735844157091767,0.0527737602141219,GNP-Star,M
7,TRUE,ratio_roulette,0.896060202180312,0.0371837731814032,GNP-Star,P
7,TRUE,ratio_carlson,0.946115129693618,0.0171315082300489,GNP-Star,P
7,TRUE,ratio_gnomad,0.738920397409127,0.073393631000707,GNP-Star,P
7,TRUE,ratio_roulette,0.90779349189628,0.033858078301812,GNP-Star,V
7,TRUE,ratio_carlson,0.918245640094618,0.018584960544931,GNP-Star,V
7,TRUE,ratio_gnomad,0.772694874034046,0.0848275489232191,GNP-Star,V
8,TRUE,ratio_roulette,0.899447720855082,0.0600893634791475,GNP-Star,M
8,TRUE,ratio_carlson,0.94899135670123,0.0216115617838584,GNP-Star,M
8,TRUE,ratio_gnomad,0.743146480373221,0.0874931768180695,GNP-Star,M
8,TRUE,ratio_roulette,0.927059176853375,0.0626854184913554,GNP-Star,P
8,TRUE,ratio_carlson,0.970546347641304,0.0245910241544666,GNP-Star,P
8,TRUE,ratio_gnomad,0.767227660640254,0.0838650589650943,GNP-Star,P
8,TRUE,ratio_roulette,0.968108712078631,0.0862172635952046,GNP-Star,V
8,TRUE,ratio_carlson,0.967708306278248,0.0320023957849037,GNP-Star,V
8,TRUE,ratio_gnomad,0.810097165491455,0.119831523013734,GNP-Star,V
9,TRUE,ratio_roulette,0.907454960269139,0.0984896693592818,GNP-Star,M
9,TRUE,ratio_carlson,0.954669596518734,0.0612903927219432,GNP-Star,M
9,TRUE,ratio_gnomad,0.749660917625947,0.119477949063731,GNP-Star,M
9,TRUE,ratio_roulette,0.990113115240083,0.0628148675474773,GNP-Star,P
9,TRUE,ratio_carlson,1.01759186785322,0.0402401752848034,GNP-Star,P
9,TRUE,ratio_gnomad,0.826628320340077,0.0780761399745502,GNP-Star,P
9,TRUE,ratio_roulette,0.999681949467266,0.089717559214862,GNP-Star,V
9,TRUE,ratio_carlson,1.00006329053046,0.0492058813232882,GNP-Star,V
9,TRUE,ratio_gnomad,0.823422781132087,0.0997745877516537,GNP-Star,V
10,TRUE,ratio_roulette,0.916248186219864,0.155182351883281,GNP-Star,M
10,TRUE,ratio_carlson,0.960036220481905,0.113149574531195,GNP-Star,M
10,TRUE,ratio_gnomad,0.75861480245835,0.179056131594374,GNP-Star,M
10,TRUE,ratio_roulette,1.1024426775939,0.202860532202191,GNP-Star,P
10,TRUE,ratio_carlson,1.09996772835003,0.157276980929762,GNP-Star,P
10,TRUE,ratio_gnomad,0.921665972245541,0.239015289473118,GNP-Star,P
10,TRUE,ratio_roulette,0.953141459966708,0.128476514145222,GNP-Star,V
10,TRUE,ratio_carlson,0.96615941516627,0.104036652484955,GNP-Star,V
10,TRUE,ratio_gnomad,0.778869229871236,0.152390101408494,GNP-Star,V
11,TRUE,ratio_roulette,0.931207143525815,0.257531174675245,GNP-Star,M
11,TRUE,ratio_carlson,0.968825569814024,0.200209913763069,GNP-Star,M
11,TRUE,ratio_gnomad,0.772600235895873,0.281772901746015,GNP-Star,M
11,TRUE,ratio_roulette,1.21953158107762,0.410111861611285,GNP-Star,P
11,TRUE,ratio_carlson,1.18999680080991,0.322407667348405,GNP-Star,P
11,TRUE,ratio_gnomad,1.01534185426741,0.451184824075546,GNP-Star,P
11,TRUE,ratio_roulette,0.88187809099088,0.31632085298619,GNP-Star,V
11,TRUE,ratio_carlson,0.908907326485935,0.254966135514512,GNP-Star,V
11,TRUE,ratio_gnomad,0.719430159931469,0.347557211031004,GNP-Star,V
12,TRUE,ratio_roulette,0.953181358332727,0.316675027274562,GNP-Star,M
12,TRUE,ratio_carlson,0.983179565688093,0.253071672501958,GNP-Star,M
12,TRUE,ratio_gnomad,0.791364799709736,0.331473907583295,GNP-Star,M
12,TRUE,ratio_roulette,1.28291175421695,0.523802102044438,GNP-Star,P
12,TRUE,ratio_carlson,1.24176990539589,0.417885973151276,GNP-Star,P
12,TRUE,ratio_gnomad,1.05727433507548,0.551162308878119,GNP-Star,P
12,TRUE,ratio_roulette,0.834706704799447,0.438961819901413,GNP-Star,V
12,TRUE,ratio_carlson,0.870816950278314,0.354289343280583,GNP-Star,V
12,TRUE,ratio_gnomad,0.681341539132045,0.462723969564346,GNP-Star,V
1,FALSE,ratio_roulette,0.863544352082037,0.0194069338554514,GNP-Star,M
1,FALSE,ratio_carlson,0.899264196029253,0.0190479039697597,GNP-Star,M
1,FALSE,ratio_gnomad,0.944278587954044,0.0209845652783514,GNP-Star,M
1,FALSE,ratio_roulette,0.857060791537108,0.0122393707447639,GNP-Star,P
1,FALSE,ratio_carlson,0.894268506537565,0.0119806509446672,GNP-Star,P
1,FALSE,ratio_gnomad,0.946275890148154,0.0172120688534506,GNP-Star,P
1,FALSE,ratio_roulette,0.846192641057637,0.0166445760290368,GNP-Star,V
1,FALSE,ratio_carlson,0.872500362122293,0.0181314520973628,GNP-Star,V
1,FALSE,ratio_gnomad,0.918708307396626,0.026201705608117,GNP-Star,V
2,FALSE,ratio_roulette,0.820670227589977,0.0373292930534811,GNP-Star,M
2,FALSE,ratio_carlson,0.86305059945982,0.0402617129091276,GNP-Star,M
2,FALSE,ratio_gnomad,0.896098985158697,0.0285546405003463,GNP-Star,M
2,FALSE,ratio_roulette,0.861962133305047,0.0478406052176464,GNP-Star,P
2,FALSE,ratio_carlson,0.907468840764116,0.0570437226165277,GNP-Star,P
2,FALSE,ratio_gnomad,0.930355801206018,0.0424537780854118,GNP-Star,P
2,FALSE,ratio_roulette,0.825728116401112,0.0308828423310589,GNP-Star,V
2,FALSE,ratio_carlson,0.853375122202309,0.0395920493182422,GNP-Star,V
2,FALSE,ratio_gnomad,0.888344848700667,0.0311655135370803,GNP-Star,V
3,FALSE,ratio_roulette,0.840040726732406,0.0868027281338685,GNP-Star,M
3,FALSE,ratio_carlson,0.883678127009576,0.085139963614053,GNP-Star,M
3,FALSE,ratio_gnomad,0.906862801614376,0.0694655443357599,GNP-Star,M
3,FALSE,ratio_roulette,0.917709223020961,0.077602545198158,GNP-Star,P
3,FALSE,ratio_carlson,0.96303317644366,0.0828827424476157,GNP-Star,P
3,FALSE,ratio_gnomad,0.972928163018716,0.0652540375606194,GNP-Star,P
3,FALSE,ratio_roulette,0.885714062894083,0.0536327893977899,GNP-Star,V
3,FALSE,ratio_carlson,0.913515250217229,0.0525458186753318,GNP-Star,V
3,FALSE,ratio_gnomad,0.936792213622758,0.0427710067340573,GNP-Star,V
4,FALSE,ratio_roulette,0.879477684052076,0.0632818717973361,GNP-Star,M
4,FALSE,ratio_carlson,0.923259665235362,0.0552407078779419,GNP-Star,M
4,FALSE,ratio_gnomad,0.937939589354397,0.0422432794323054,GNP-Star,M
4,FALSE,ratio_roulette,0.925864478731155,0.0422049951731132,GNP-Star,P
4,FALSE,ratio_carlson,0.968323243542508,0.0409393241865899,GNP-Star,P
4,FALSE,ratio_gnomad,0.97470810576761,0.0308620691956789,GNP-Star,P
4,FALSE,ratio_roulette,0.925612744048969,0.048102050638684,GNP-Star,V
4,FALSE,ratio_carlson,0.949691438010765,0.0371471071959795,GNP-Star,V
4,FALSE,ratio_gnomad,0.961682286763419,0.0289984446595166,GNP-Star,V
5,FALSE,ratio_roulette,0.922359893215486,0.0212084753867651,GNP-Star,M
5,FALSE,ratio_carlson,0.965446016109101,0.0124057280936583,GNP-Star,M
5,FALSE,ratio_gnomad,0.969987870050545,0.00866173977413625,GNP-Star,M
5,FALSE,ratio_roulette,0.942363002602198,0.0151526658038577,GNP-Star,P
5,FALSE,ratio_carlson,0.982241087295837,0.016571578155473,GNP-Star,P
5,FALSE,ratio_gnomad,0.984613944750041,0.0131278223336845,GNP-Star,P
5,FALSE,ratio_roulette,0.935623204353439,0.0149372550659285,GNP-Star,V
5,FALSE,ratio_carlson,0.955697513433308,0.0109638099043432,GNP-Star,V
5,FALSE,ratio_gnomad,0.96313184429612,0.0100667512761712,GNP-Star,V
6,FALSE,ratio_roulette,0.95119493128553,0.0203048364022597,GNP-Star,M
6,FALSE,ratio_carlson,0.99285430599825,0.0342165877600326,GNP-Star,M
6,FALSE,ratio_gnomad,0.98844075067621,0.0269606872169029,GNP-Star,M
6,FALSE,ratio_roulette,0.95968332071728,0.0237876186838147,GNP-Star,P
6,FALSE,ratio_carlson,0.997279910601711,0.0342113605126312,GNP-Star,P
6,FALSE,ratio_gnomad,0.995906438487706,0.0282860245952025,GNP-Star,P
6,FALSE,ratio_roulette,0.929598211481952,0.0307214277807238,GNP-Star,V
6,FALSE,ratio_carlson,0.947686510724515,0.047706679114358,GNP-Star,V
6,FALSE,ratio_gnomad,0.956237231824421,0.0386791505475332,GNP-Star,V
7,FALSE,ratio_roulette,0.965022499043519,0.0403380308557261,GNP-Star,M
7,FALSE,ratio_carlson,1.0047690461449,0.0537739434078227,GNP-Star,M
7,FALSE,ratio_gnomad,0.994671152174366,0.038821667882403,GNP-Star,M
7,FALSE,ratio_roulette,0.968102666555258,0.0385046247265792,GNP-Star,P
7,FALSE,ratio_carlson,1.00378867907486,0.0484357453608915,GNP-Star,P
7,FALSE,ratio_gnomad,1.00083709171885,0.0388911225909669,GNP-Star,P
7,FALSE,ratio_roulette,0.923142323168715,0.0554389142689974,GNP-Star,V
7,FALSE,ratio_carlson,0.940413080162615,0.0709565293769756,GNP-Star,V
7,FALSE,ratio_gnomad,0.950601694832824,0.0544631566809819,GNP-Star,V
8,FALSE,ratio_roulette,0.967875668636606,0.0454244286611017,GNP-Star,M
8,FALSE,ratio_carlson,1.00597000520019,0.0575055183675308,GNP-Star,M
8,FALSE,ratio_gnomad,0.993703554702394,0.0393693375033205,GNP-Star,M
8,FALSE,ratio_roulette,0.969764530959658,0.0424237497071228,GNP-Star,P
8,FALSE,ratio_carlson,1.00393483051889,0.0511436764108498,GNP-Star,P
8,FALSE,ratio_gnomad,1.00127649488371,0.0408611066297407,GNP-Star,P
8,FALSE,ratio_roulette,0.92097609995637,0.0617116288084248,GNP-Star,V
8,FALSE,ratio_carlson,0.938004644281602,0.0753428232876734,GNP-Star,V
8,FALSE,ratio_gnomad,0.949115791501334,0.0562020459300327,GNP-Star,V
9,FALSE,ratio_roulette,0.96533201850082,0.0421793706860961,GNP-Star,M
9,FALSE,ratio_carlson,1.00241207721083,0.0526161084770328,GNP-Star,M
9,FALSE,ratio_gnomad,0.990121090240638,0.0341939222430768,GNP-Star,M
9,FALSE,ratio_roulette,0.968466731321107,0.0404278358469288,GNP-Star,P
9,FALSE,ratio_carlson,1.00152937194003,0.0473905937638713,GNP-Star,P
9,FALSE,ratio_gnomad,0.999856760541828,0.0378389421588479,GNP-Star,P
9,FALSE,ratio_roulette,0.921612465393904,0.058084470931636,GNP-Star,V
9,FALSE,ratio_carlson,0.939225992790094,0.0694210084943979,GNP-Star,V
9,FALSE,ratio_gnomad,0.950859265421605,0.0502804137371914,GNP-Star,V
10,FALSE,ratio_roulette,0.961178899317049,0.0374262656465133,GNP-Star,M
10,FALSE,ratio_carlson,0.997594887547097,0.0450030533708407,GNP-Star,M
10,FALSE,ratio_gnomad,0.986380009490252,0.0280836256304404,GNP-Star,M
10,FALSE,ratio_roulette,0.967317917085311,0.0386957072916923,GNP-Star,P
10,FALSE,ratio_carlson,0.999832375682939,0.0428677915695562,GNP-Star,P
10,FALSE,ratio_gnomad,0.998770839882266,0.0342891794107868,GNP-Star,P
10,FALSE,ratio_roulette,0.922186809738978,0.053518273365796,GNP-Star,V
10,FALSE,ratio_carlson,0.941772411819809,0.0611871126416947,GNP-Star,V
10,FALSE,ratio_gnomad,0.953723238775622,0.0429923095751572,GNP-Star,V
11,FALSE,ratio_roulette,0.957566810706785,0.0378457672021133,GNP-Star,M
11,FALSE,ratio_carlson,0.993300315266671,0.041478497024268,GNP-Star,M
11,FALSE,ratio_gnomad,0.983518122666343,0.0268699245857359,GNP-Star,M
11,FALSE,ratio_roulette,0.967341058620214,0.0427510864242429,GNP-Star,P
11,FALSE,ratio_carlson,0.998967615187848,0.0427830213498704,GNP-Star,P
11,FALSE,ratio_gnomad,0.998272160733404,0.0352520409997617,GNP-Star,P
11,FALSE,ratio_roulette,0.918441581198306,0.0563616995146003,GNP-Star,V
11,FALSE,ratio_carlson,0.94096852436791,0.0586977560198585,GNP-Star,V
11,FALSE,ratio_gnomad,0.952789057530196,0.0421467016417924,GNP-Star,V
12,FALSE,ratio_roulette,0.955541815998821,0.0420126094166388,GNP-Star,M
12,FALSE,ratio_carlson,0.990792532227349,0.0421211080753116,GNP-Star,M
12,FALSE,ratio_gnomad,0.982068516902077,0.0294272540976094,GNP-Star,M
12,FALSE,ratio_roulette,0.968994578859004,0.0505154498328934,GNP-Star,P
12,FALSE,ratio_carlson,0.999732914868737,0.0466915115346816,GNP-Star,P
12,FALSE,ratio_gnomad,0.998804987512145,0.039632773187039,GNP-Star,P
12,FALSE,ratio_roulette,0.912807946624888,0.0642263707835059,GNP-Star,V
12,FALSE,ratio_carlson,0.938065459547862,0.0616485993944245,GNP-Star,V
12,FALSE,ratio_gnomad,0.949350901318243,0.0465121667371951,GNP-Star,V
