gpn_star_group,map,hasCpG,phylo,med_ratio,se_ratio,mean_B,annotation
12,roulette,TRUE,M,0.793682096450262,0.0243760546894836,0.786143789881074,GPN-star
12,gnomad,TRUE,M,0.855556260421948,0.0243844294270959,0.786143789881074,GPN-star
12,carlson,TRUE,M,0.832953496371708,0.0231752094963395,0.786143789881074,GPN-star
12,roulette,FALSE,M,0.866750714757296,0.00245432829839971,0.786143789881074,GPN-star
12,gnomad,FALSE,M,0.958890594157894,0.00215941729125309,0.786143789881074,GPN-star
12,carlson,FALSE,M,0.88661386841815,0.00295155912992447,0.786143789881074,GPN-star
11,roulette,TRUE,M,0.915444229172431,0.0875060850226927,0.778684915587486,GPN-star
11,gnomad,TRUE,M,0.926950998185113,0.0857137922992891,0.778684915587486,GPN-star
11,carlson,TRUE,M,1.00767529504344,0.0883260598212367,0.778684915587486,GPN-star
11,roulette,FALSE,M,0.883157488034086,0.00822898686658067,0.778684915587486,GPN-star
11,gnomad,FALSE,M,1.04207709786968,0.00699025732611221,0.778684915587486,GPN-star
11,carlson,FALSE,M,0.964747321261411,0.00992479000895362,0.778684915587486,GPN-star
10,roulette,TRUE,M,0.966259742698845,0.174431361937502,0.771963514484835,GPN-star
10,gnomad,TRUE,M,0.972105092442422,0.16924865683687,0.771963514484835,GPN-star
10,carlson,TRUE,M,1.05213457137596,0.178299760593148,0.771963514484835,GPN-star
10,roulette,FALSE,M,0.887141333083828,0.0150613725371123,0.771963514484835,GPN-star
10,gnomad,FALSE,M,1.05243252070606,0.012481333725682,0.771963514484835,GPN-star
10,carlson,FALSE,M,1.00008259680501,0.018634495999693,0.771963514484835,GPN-star
8,roulette,TRUE,M,0.936505438641982,0.483444792814401,0.795074928028727,GPN-star
8,gnomad,TRUE,M,0.902405650357049,0.539996690628262,0.795074928028727,GPN-star
8,carlson,TRUE,M,0.936217166047645,0.510668940072826,0.795074928028727,GPN-star
8,roulette,FALSE,M,1.01244593999028,0.0480303528526191,0.795074928028727,GPN-star
8,gnomad,FALSE,M,1.01751518365913,0.0535379285410344,0.795074928028727,GPN-star
8,carlson,FALSE,M,0.906229928655679,0.0767146711016096,0.795074928028727,GPN-star
9,roulette,TRUE,M,0.955258311218472,0.302891580259127,0.782252368699197,GPN-star
9,carlson,TRUE,M,0.960023545237494,0.310405311937817,0.782252368699197,GPN-star
9,gnomad,TRUE,M,0.978397815906691,0.292194655270884,0.782252368699197,GPN-star
9,roulette,FALSE,M,0.951065619742008,0.029660297638508,0.782252368699197,GPN-star
9,gnomad,FALSE,M,1.06435004972297,0.0233356341973978,0.782252368699197,GPN-star
9,carlson,FALSE,M,0.972426045152464,0.0377806568382975,0.782252368699197,GPN-star
7,roulette,TRUE,M,0.898763210708952,0.698545027745256,0.783274484454686,GPN-star
7,carlson,TRUE,M,0.827481102265538,0.979628778168579,0.783274484454686,GPN-star
7,gnomad,TRUE,M,0.934791219019511,0.794437898697054,0.783274484454686,GPN-star
7,roulette,FALSE,M,0.941699817967545,0.11434210320186,0.783274484454686,GPN-star
7,carlson,FALSE,M,0.898990450819849,0.202557616491738,0.783274484454686,GPN-star
7,gnomad,FALSE,M,1.03672990438546,0.079411605447574,0.783274484454686,GPN-star
6,roulette,TRUE,M,0.553907560048181,0.230453434639449,0.828926088346145,GPN-star
6,gnomad,TRUE,M,0.599436201621985,0.116539824756207,0.828926088346145,GPN-star
6,carlson,TRUE,M,0.570702242020897,0.224862075795044,0.828926088346145,GPN-star
6,roulette,FALSE,M,0.720367624125307,0.236647675475451,0.828926088346145,GPN-star
6,gnomad,FALSE,M,0.835497731406944,0.13366234352304,0.828926088346145,GPN-star
6,carlson,FALSE,M,0.594386037156503,0.266863243554467,0.828926088346145,GPN-star
4,roulette,TRUE,M,0.883564951769234,2.57753196168054,0.865059081316237,GPN-star
4,gnomad,TRUE,M,0.792466116314855,2.46217739700852,0.865059081316237,GPN-star
4,carlson,TRUE,M,1.44559046712891,3.68502144288664,0.865059081316237,GPN-star
4,roulette,FALSE,M,0.837572325729435,0.392751835443951,0.865059081316237,GPN-star
4,gnomad,FALSE,M,0.720836662802602,0.229191412857355,0.865059081316237,GPN-star
4,carlson,FALSE,M,1.3705659353336,0.518265518345221,0.865059081316237,GPN-star
5,roulette,TRUE,M,0.546253781257524,0.170895016522418,0.846610164424022,GPN-star
5,gnomad,TRUE,M,0.621013084545829,0.1422119033347,0.846610164424022,GPN-star
5,roulette,FALSE,M,1.13562252747998,0.188525294757281,0.846610164424022,GPN-star
5,gnomad,FALSE,M,1.20275555905687,0.14630321842318,0.846610164424022,GPN-star
3,roulette,TRUE,M,0.511946887453621,,0.764334381410605,GPN-star
3,gnomad,TRUE,M,0.861394581994938,,0.764334381410605,GPN-star
3,roulette,FALSE,M,0.830591411457015,,0.764334381410605,GPN-star
3,gnomad,FALSE,M,1.40950882133686,,0.764334381410605,GPN-star
2,roulette,TRUE,M,0.77367564300772,0.357694685418101,0.522393801382362,GPN-star
2,carlson,TRUE,M,0.897842114689029,0.265017868211131,0.522393801382362,GPN-star
2,gnomad,TRUE,M,0.842337168784403,0.402127860054027,0.522393801382362,GPN-star
2,roulette,FALSE,M,0.998861133793285,0.260664923982205,0.522393801382362,GPN-star
2,carlson,FALSE,M,1.14061825818319,0.265655435800146,0.522393801382362,GPN-star
2,gnomad,FALSE,M,1.1408724569142,0.406888485944425,0.522393801382362,GPN-star
1,roulette,FALSE,M,1.06030684092201,,0.819392432346037,GPN-star
1,gnomad,FALSE,M,1.05494162730594,,0.819392432346037,GPN-star
12,roulette,TRUE,P,0.709521980956831,0.0272588434778106,0.786794123928102,GPN-star
12,gnomad,TRUE,P,0.702092659580426,0.0268913558351393,0.786794123928102,GPN-star
12,carlson,TRUE,P,0.717199883350227,0.0245205706291522,0.786794123928102,GPN-star
12,roulette,FALSE,P,0.807107282401644,0.0022728266204069,0.786794123928102,GPN-star
12,gnomad,FALSE,P,0.780735583026426,0.00188000435354205,0.786794123928102,GPN-star
12,carlson,FALSE,P,0.785079458963065,0.00272574670109233,0.786794123928102,GPN-star
11,roulette,TRUE,P,0.718252898355352,0.112621510184356,0.774296507259563,GPN-star
11,gnomad,TRUE,P,0.709072690075567,0.11328258748846,0.774296507259563,GPN-star
11,carlson,TRUE,P,0.796247305045333,0.112411237208435,0.774296507259563,GPN-star
11,roulette,FALSE,P,0.825750770352611,0.00812320318525266,0.774296507259563,GPN-star
11,gnomad,FALSE,P,0.784060105389521,0.00686820581049327,0.774296507259563,GPN-star
11,carlson,FALSE,P,0.83653730180157,0.0111369801206867,0.774296507259563,GPN-star
7,roulette,TRUE,P,0.696516583718853,0.272809852249808,0.766174732191735,GPN-star
7,gnomad,TRUE,P,0.845024963087853,0.339428372533236,0.766174732191735,GPN-star
7,carlson,TRUE,P,0.796609179156684,0.181038182520814,0.766174732191735,GPN-star
7,roulette,FALSE,P,0.783637409572774,0.0723979781964794,0.766174732191735,GPN-star
7,gnomad,FALSE,P,0.807006559830797,0.0738717744919178,0.766174732191735,GPN-star
7,carlson,FALSE,P,0.713094709845908,0.108801960859892,0.766174732191735,GPN-star
10,roulette,TRUE,P,0.774066531768729,0.284141987278746,0.761258447047433,GPN-star
10,gnomad,TRUE,P,0.766887860813932,0.280131970599658,0.761258447047433,GPN-star
10,carlson,TRUE,P,0.883150067175412,0.275452309948656,0.761258447047433,GPN-star
10,roulette,FALSE,P,0.891128637025088,0.0266937078799682,0.761258447047433,GPN-star
10,gnomad,FALSE,P,1.00981636023581,0.0195986668064162,0.761258447047433,GPN-star
10,carlson,FALSE,P,0.95535815777841,0.0357680778917794,0.761258447047433,GPN-star
9,roulette,TRUE,P,0.748012368957071,0.410408669945258,0.780874519040079,GPN-star
9,carlson,TRUE,P,0.748338925683159,0.344603980994098,0.780874519040079,GPN-star
9,gnomad,TRUE,P,0.734264929347384,0.408349878158349,0.780874519040079,GPN-star
9,roulette,FALSE,P,0.863257016337001,0.0568150238632304,0.780874519040079,GPN-star
9,gnomad,FALSE,P,0.991691059072513,0.0400028477221008,0.780874519040079,GPN-star
9,carlson,FALSE,P,0.868152237982491,0.0771445779048844,0.780874519040079,GPN-star
8,roulette,TRUE,P,0.709325466273314,0.420686862132017,0.791529829837565,GPN-star
8,carlson,TRUE,P,0.818378738705225,0.482048394591147,0.791529829837565,GPN-star
8,gnomad,TRUE,P,0.743890510434844,0.442201085889124,0.791529829837565,GPN-star
8,roulette,FALSE,P,0.865529253845825,0.0961767900152184,0.791529829837565,GPN-star
8,carlson,FALSE,P,0.860238075360818,0.149426399634932,0.791529829837565,GPN-star
8,gnomad,FALSE,P,1.01942557028937,0.0619212833184634,0.791529829837565,GPN-star
6,roulette,TRUE,P,0.774523995100767,0.137518736164438,0.742109324963429,GPN-star
6,carlson,TRUE,P,0.695366880161776,0.186388131517455,0.742109324963429,GPN-star
6,gnomad,TRUE,P,0.869817759384302,0.0929719897026641,0.742109324963429,GPN-star
6,roulette,FALSE,P,0.885584176225069,0.152394906183125,0.742109324963429,GPN-star
6,carlson,FALSE,P,0.796147679853959,0.20113842423276,0.742109324963429,GPN-star
6,gnomad,FALSE,P,1.18223389492703,0.101203622699741,0.742109324963429,GPN-star
5,roulette,TRUE,P,0.494670837173728,0.0396849868745734,0.850029024430649,GPN-star
5,carlson,TRUE,P,0.561961688590963,0.0867506917409984,0.850029024430649,GPN-star
5,gnomad,TRUE,P,0.646015259216182,0.0180009222378984,0.850029024430649,GPN-star
5,roulette,FALSE,P,0.539917956889681,0.0557031088214665,0.850029024430649,GPN-star
5,carlson,FALSE,P,0.615693754240461,0.0851740933737918,0.850029024430649,GPN-star
5,gnomad,FALSE,P,0.720836662802602,0.0270976534993265,0.850029024430649,GPN-star
3,roulette,TRUE,P,0.8006590966078,,0.856507995848137,GPN-star
3,carlson,TRUE,P,0.835336612293448,,0.856507995848137,GPN-star
3,gnomad,TRUE,P,0.782588609706641,,0.856507995848137,GPN-star
3,roulette,FALSE,P,1.07110865145944,,0.856507995848137,GPN-star
3,carlson,FALSE,P,1.04325606368494,,0.856507995848137,GPN-star
3,gnomad,FALSE,P,1.02332178257716,,0.856507995848137,GPN-star
4,roulette,FALSE,P,1.12319449337416,,0.922416391017038,GPN-star
4,gnomad,FALSE,P,1.1031098115587,,0.922416391017038,GPN-star
2,roulette,FALSE,P,0.800038664776388,,0.907109025578943,GPN-star
2,gnomad,FALSE,P,1.23318039755683,,0.907109025578943,GPN-star
9,roulette,TRUE,V,0.547515254617734,0.0758798309890876,0.761733723102847,GPN-star
9,gnomad,TRUE,V,0.551707267352972,0.0822906410793682,0.761733723102847,GPN-star
9,carlson,TRUE,V,0.580794356800333,0.05000586574893,0.761733723102847,GPN-star
9,roulette,FALSE,V,0.732311506541755,0.0121825413728278,0.761733723102847,GPN-star
9,carlson,FALSE,V,0.751204274669078,0.0132927704835562,0.761733723102847,GPN-star
9,gnomad,FALSE,V,0.742563376211847,0.00914929190221176,0.761733723102847,GPN-star
12,roulette,TRUE,V,0.559340530015301,0.0333576149396126,0.751529393261137,GPN-star
12,gnomad,TRUE,V,0.560522798158323,0.0314364672106885,0.751529393261137,GPN-star
12,carlson,TRUE,V,0.591690156098944,0.02331426193246,0.751529393261137,GPN-star
12,roulette,FALSE,V,0.777314458944297,0.00843048639194994,0.751529393261137,GPN-star
12,gnomad,FALSE,V,0.765211088584659,0.00663123345780578,0.751529393261137,GPN-star
12,carlson,FALSE,V,0.781159316988271,0.00932149363985728,0.751529393261137,GPN-star
11,roulette,TRUE,V,0.542072532977461,0.0348801910476832,0.756190046748416,GPN-star
11,gnomad,TRUE,V,0.552941554720581,0.0338033152011612,0.756190046748416,GPN-star
11,carlson,TRUE,V,0.566275232496574,0.0296966191335868,0.756190046748416,GPN-star
11,roulette,FALSE,V,0.743552207819861,0.00908206125385377,0.756190046748416,GPN-star
11,gnomad,FALSE,V,0.748514651511154,0.00665694728396837,0.756190046748416,GPN-star
11,carlson,FALSE,V,0.734475450563448,0.010755106297314,0.756190046748416,GPN-star
10,roulette,TRUE,V,0.542077925422005,0.0513159144464994,0.749353155988752,GPN-star
10,gnomad,TRUE,V,0.555640344263904,0.0521660276353803,0.749353155988752,GPN-star
10,carlson,TRUE,V,0.563907609820454,0.0320052621005023,0.749353155988752,GPN-star
10,roulette,FALSE,V,0.742246273760546,0.00947151838055525,0.749353155988752,GPN-star
10,gnomad,FALSE,V,0.743537978598017,0.00698667762995674,0.749353155988752,GPN-star
10,carlson,FALSE,V,0.736741402493918,0.0100528546647535,0.749353155988752,GPN-star
8,roulette,TRUE,V,0.563927008162783,0.072422770839242,0.792798813549057,GPN-star
8,carlson,TRUE,V,0.565786283478225,0.0347576295257794,0.792798813549057,GPN-star
8,gnomad,TRUE,V,0.552409933163072,0.100853030994247,0.792798813549057,GPN-star
8,roulette,FALSE,V,0.725411467683597,0.018570479839508,0.792798813549057,GPN-star
8,carlson,FALSE,V,0.706398558719961,0.0284826979897965,0.792798813549057,GPN-star
8,gnomad,FALSE,V,0.741213869270974,0.0103674146489988,0.792798813549057,GPN-star
7,roulette,TRUE,V,0.540248104930518,0.0355924991557043,0.764605462428145,GPN-star
7,carlson,TRUE,V,0.690284611557799,0.0717750443973963,0.764605462428145,GPN-star
7,gnomad,TRUE,V,0.527524440712789,0.0353730777649224,0.764605462428145,GPN-star
7,roulette,FALSE,V,0.72321088435374,0.0267790790583239,0.764605462428145,GPN-star
7,carlson,FALSE,V,0.719143116520198,0.109348776843394,0.764605462428145,GPN-star
7,gnomad,FALSE,V,0.735746982937993,0.0243835238199465,0.764605462428145,GPN-star
6,roulette,TRUE,V,0.713354981478021,0.293350054493199,0.920191906122641,GPN-star
6,gnomad,TRUE,V,0.697719974726634,0.196127182573075,0.920191906122641,GPN-star
6,roulette,FALSE,V,0.621054302953319,0.264248075837173,0.920191906122641,GPN-star
6,gnomad,FALSE,V,0.738348072523646,0.208068183793289,0.920191906122641,GPN-star
