phast_class,CpG,map,ratio,se,annotation
1,TRUE,ratio_roulette,0.789456096497144,0.000424903275135132,phastCons
1,TRUE,ratio_carlson,0.866742873799423,0.000409816549812784,phastCons
1,TRUE,ratio_gnomad,0.684972442415718,0.000506325472706243,phastCons
2,TRUE,ratio_roulette,0.770768098320836,0.000395341132623035,phastCons
2,TRUE,ratio_carlson,0.843835684906344,0.000377159701189363,phastCons
2,TRUE,ratio_gnomad,0.662666244046662,0.000443853897966629,phastCons
3,TRUE,ratio_roulette,0.782132243320659,0.000429781484274349,phastCons
3,TRUE,ratio_carlson,0.851811644700845,0.000404078096463408,phastCons
3,TRUE,ratio_gnomad,0.666908807231711,0.000466694635014859,phastCons
4,TRUE,ratio_roulette,0.79271490741227,0.000451374093579255,phastCons
4,TRUE,ratio_carlson,0.859988666760343,0.000420402255865754,phastCons
4,TRUE,ratio_gnomad,0.672652538172123,0.000483554363451679,phastCons
5,TRUE,ratio_roulette,0.803136202647832,0.000466632253684561,phastCons
5,TRUE,ratio_carlson,0.868390687400579,0.000431220217560974,phastCons
5,TRUE,ratio_gnomad,0.679071716973295,0.000495400774286186,phastCons
6,TRUE,ratio_roulette,0.812312898365513,0.000472066141079113,phastCons
6,TRUE,ratio_carlson,0.875814743074604,0.000433440869460652,phastCons
6,TRUE,ratio_gnomad,0.684939106330727,0.000498133583294187,phastCons
7,TRUE,ratio_roulette,0.821970432203656,0.000484209149185292,phastCons
7,TRUE,ratio_carlson,0.883599342839375,0.000442031970588844,phastCons
7,TRUE,ratio_gnomad,0.691299730515984,0.000508401947618783,phastCons
8,TRUE,ratio_roulette,0.831793030362295,0.000480874257024394,phastCons
8,TRUE,ratio_carlson,0.89158798751455,0.00043654908700503,phastCons
8,TRUE,ratio_gnomad,0.697995347139544,0.000503351338220635,phastCons
9,TRUE,ratio_roulette,0.842099893184004,0.000487706816924929,phastCons
9,TRUE,ratio_carlson,0.899991730780453,0.000440439654928024,phastCons
9,TRUE,ratio_gnomad,0.705175066864825,0.000509298844222672,phastCons
10,TRUE,ratio_roulette,0.853290298295697,0.000505295268343449,phastCons
10,TRUE,ratio_carlson,0.909080630042216,0.000453562048238063,phastCons
10,TRUE,ratio_gnomad,0.713089228780366,0.000526149337764522,phastCons
11,TRUE,ratio_roulette,0.866728734889958,0.000490012437382037,phastCons
11,TRUE,ratio_carlson,0.920044392026046,0.000437503233478545,phastCons
11,TRUE,ratio_gnomad,0.72284278647395,0.000509563288631696,phastCons
12,TRUE,ratio_roulette,0.88044560489979,0.000528039304818922,phastCons
12,TRUE,ratio_carlson,0.931207033261044,0.000468867739979276,phastCons
12,TRUE,ratio_gnomad,0.732921885523788,0.00054852733745441,phastCons
1,FALSE,ratio_roulette,0.90316749556327,0.000527424501914617,phastCons
1,FALSE,ratio_carlson,0.952722091392915,0.000484830571574945,phastCons
1,FALSE,ratio_gnomad,0.970231013011117,0.000634368913131207,phastCons
2,FALSE,ratio_roulette,0.897952388663947,0.00049097486421904,phastCons
2,FALSE,ratio_carlson,0.944502198200361,0.000446364204657526,phastCons
2,FALSE,ratio_gnomad,0.967591382630835,0.000556495836417369,phastCons
3,FALSE,ratio_roulette,0.906802474738989,0.000533788421403881,phastCons
3,FALSE,ratio_carlson,0.95025303458849,0.000478256315087102,phastCons
3,FALSE,ratio_gnomad,0.972125112990039,0.000585214213197377,phastCons
4,FALSE,ratio_roulette,0.913606189687867,0.000560599870522262,phastCons
4,FALSE,ratio_carlson,0.954993906469584,0.000497574142345281,phastCons
4,FALSE,ratio_gnomad,0.975737272621683,0.000606349523572734,phastCons
5,FALSE,ratio_roulette,0.91913878322912,0.000579543433613955,phastCons
5,FALSE,ratio_carlson,0.958917361923198,0.000510374177428887,phastCons
5,FALSE,ratio_gnomad,0.978721354314146,0.000621199960761829,phastCons
6,FALSE,ratio_roulette,0.923955545721352,0.000586276451420922,phastCons
6,FALSE,ratio_carlson,0.962430676167405,0.000512989631801461,phastCons
6,FALSE,ratio_gnomad,0.981465762585674,0.000624610455179339,phastCons
7,FALSE,ratio_roulette,0.928575984766341,0.000601354988532754,phastCons
7,FALSE,ratio_carlson,0.965743764537513,0.000523156914877999,phastCons
7,FALSE,ratio_gnomad,0.983981669488423,0.000637480739571479,phastCons
8,FALSE,ratio_roulette,0.933245102666342,0.000597201623842611,phastCons
8,FALSE,ratio_carlson,0.969170522126015,0.000516661347933884,phastCons
8,FALSE,ratio_gnomad,0.986670642549751,0.000631134103067343,phastCons
9,FALSE,ratio_roulette,0.9380433341377,0.000605666823151989,phastCons
9,FALSE,ratio_carlson,0.972666191480107,0.000521254009865629,phastCons
9,FALSE,ratio_gnomad,0.989453050835546,0.000638562759998982,phastCons
10,FALSE,ratio_roulette,0.942933478301692,0.000627506585327757,phastCons
10,FALSE,ratio_carlson,0.976342253525769,0.000536787434851348,phastCons
10,FALSE,ratio_gnomad,0.99237233432696,0.000659685444813722,phastCons
11,FALSE,ratio_roulette,0.948661075728202,0.000608518376562816,phastCons
11,FALSE,ratio_carlson,0.980667053401079,0.000517779753447912,phastCons
11,FALSE,ratio_gnomad,0.995815800594463,0.000638878201738223,phastCons
12,FALSE,ratio_roulette,0.954312090371605,0.000655716233504761,phastCons
12,FALSE,ratio_carlson,0.984989573292243,0.000554889219471721,phastCons
12,FALSE,ratio_gnomad,0.999261056890294,0.00068770061968116,phastCons
