phast_group,map,hasCpG,med_ratio,se_ratio,mean_B,annotation
7,roulette,TRUE,0.81895765039291,0.0596346520725798,0.757574519913255,phastCons
7,gnomad,TRUE,0.841979039354748,0.0552273477442995,0.757574519913255,phastCons
7,carlson,TRUE,0.873961300484494,0.0575564501645722,0.757574519913255,phastCons
7,roulette,FALSE,0.94641276938118,0.0161635392223031,0.757574519913255,phastCons
7,carlson,FALSE,0.985019360311894,0.0172427548808134,0.757574519913255,phastCons
7,gnomad,FALSE,1.00319731299937,0.0129028066284247,0.757574519913255,phastCons
12,roulette,TRUE,0.785346758849392,0.0131969076152257,0.763031463085107,phastCons
12,gnomad,TRUE,0.815042713620317,0.0130377557518154,0.763031463085107,phastCons
12,carlson,TRUE,0.843255219908734,0.0143131394293423,0.763031463085107,phastCons
12,roulette,FALSE,0.94148119589113,0.00493594019524501,0.763031463085107,phastCons
12,gnomad,FALSE,0.98246841179248,0.00388499949726626,0.763031463085107,phastCons
12,carlson,FALSE,0.969678447564709,0.00548844471113844,0.763031463085107,phastCons
6,roulette,TRUE,0.850469657218834,0.0603958946262501,0.734319098390516,phastCons
6,gnomad,TRUE,0.881272644004885,0.0599793200785604,0.734319098390516,phastCons
6,carlson,TRUE,0.917706436609342,0.0656160718957415,0.734319098390516,phastCons
6,roulette,FALSE,0.969964465353719,0.0160930777925178,0.734319098390516,phastCons
6,gnomad,FALSE,0.981170681170677,0.0131265601627016,0.734319098390516,phastCons
6,carlson,FALSE,1.00136855003386,0.0166221766490609,0.734319098390516,phastCons
8,roulette,TRUE,0.849837717284532,0.0782064091799282,0.741686967211148,phastCons
8,gnomad,TRUE,0.89319798493862,0.0806865879809655,0.741686967211148,phastCons
8,carlson,TRUE,0.902806918897273,0.0788068226059783,0.741686967211148,phastCons
8,roulette,FALSE,0.972056787818302,0.0194051417208661,0.741686967211148,phastCons
8,carlson,FALSE,1.00246011537941,0.0209390958363095,0.741686967211148,phastCons
8,gnomad,FALSE,1.02581754562557,0.014412313221416,0.741686967211148,phastCons
1,roulette,TRUE,0.908348992570508,0.0102973250040824,0.683437334893776,phastCons
1,gnomad,TRUE,0.925023727441365,0.00992399865233398,0.683437334893776,phastCons
1,carlson,TRUE,0.956132966940603,0.00957314990292874,0.683437334893776,phastCons
1,roulette,FALSE,0.978400117539839,0.00553237987690439,0.683437334893776,phastCons
1,gnomad,FALSE,0.995748356566142,0.0039387519309471,0.683437334893776,phastCons
1,carlson,FALSE,1.00099334063116,0.00534807722304021,0.683437334893776,phastCons
4,roulette,TRUE,0.82204572945785,0.0263570493365184,0.714024345420522,phastCons
4,gnomad,TRUE,0.844176583055829,0.0261730512562354,0.714024345420522,phastCons
4,carlson,TRUE,0.892867240815715,0.0279920387686074,0.714024345420522,phastCons
4,roulette,FALSE,0.973087233482939,0.012792659537799,0.714024345420522,phastCons
4,gnomad,FALSE,0.994320116657259,0.00909414531497403,0.714024345420522,phastCons
4,carlson,FALSE,1.02058199868394,0.0126802794116497,0.714024345420522,phastCons
10,roulette,TRUE,0.773781404742786,0.0990519496734366,0.748174859586887,phastCons
10,gnomad,TRUE,0.842819038566726,0.0865037247045126,0.748174859586887,phastCons
10,carlson,TRUE,0.857719158623233,0.102294973524594,0.748174859586887,phastCons
10,roulette,FALSE,0.900055900729729,0.0257726418730335,0.748174859586887,phastCons
10,carlson,FALSE,0.975205680942721,0.0294305879135479,0.748174859586887,phastCons
10,gnomad,FALSE,0.951098550228751,0.0171921087413336,0.748174859586887,phastCons
5,roulette,TRUE,0.854251529371299,0.0408935541490915,0.735652720079215,phastCons
5,carlson,TRUE,0.904821248993898,0.0407999851095148,0.735652720079215,phastCons
5,gnomad,TRUE,0.837257519965771,0.0406831960892034,0.735652720079215,phastCons
5,roulette,FALSE,0.973721112856181,0.0153857171620536,0.735652720079215,phastCons
5,carlson,FALSE,1.0216030142441,0.0176421419240308,0.735652720079215,phastCons
5,gnomad,FALSE,0.977127891750322,0.0113594292869701,0.735652720079215,phastCons
2,roulette,TRUE,0.826324923192867,0.0269628295284185,0.693831130353934,phastCons
2,carlson,TRUE,0.883077693171611,0.0265046695609882,0.693831130353934,phastCons
2,gnomad,TRUE,0.871800581251098,0.0250971754247923,0.693831130353934,phastCons
2,roulette,FALSE,0.939163461117621,0.0123092333834155,0.693831130353934,phastCons
2,carlson,FALSE,1.00207920380771,0.0132884590719215,0.693831130353934,phastCons
2,gnomad,FALSE,0.977396869592114,0.0087724748841518,0.693831130353934,phastCons
11,roulette,TRUE,0.817622913181496,0.0497969750138436,0.750040622674219,phastCons
11,carlson,TRUE,0.875447762380014,0.0447278781486781,0.750040622674219,phastCons
11,gnomad,TRUE,0.851340611626434,0.0480282122688818,0.750040622674219,phastCons
11,roulette,FALSE,0.970829169364647,0.0162824892676834,0.750040622674219,phastCons
11,gnomad,FALSE,1.02096977277339,0.0128657399672688,0.750040622674219,phastCons
11,carlson,FALSE,0.993300660538879,0.0177686050844983,0.750040622674219,phastCons
3,roulette,TRUE,0.839267509849186,0.0270806777122028,0.701369683277604,phastCons
3,carlson,TRUE,0.890306821721327,0.0243373428165053,0.701369683277604,phastCons
3,gnomad,TRUE,0.86660260244555,0.0233213496618855,0.701369683277604,phastCons
3,roulette,FALSE,0.954632951123443,0.0107468532600882,0.701369683277604,phastCons
3,gnomad,FALSE,0.993073665582702,0.00757954257115183,0.701369683277604,phastCons
3,carlson,FALSE,1.0094777846812,0.0111149185692219,0.701369683277604,phastCons
9,roulette,TRUE,0.833343747337325,0.0859217850051557,0.751180855878794,phastCons
9,carlson,TRUE,0.922302045750929,0.0883921733533566,0.751180855878794,phastCons
9,gnomad,TRUE,0.844586247483045,0.097466985862474,0.751180855878794,phastCons
9,roulette,FALSE,0.960004172107875,0.0212813836170537,0.751180855878794,phastCons
9,carlson,FALSE,1.02128230368052,0.0233460498831475,0.751180855878794,phastCons
9,gnomad,FALSE,0.969650500062437,0.0176851732541751,0.751180855878794,phastCons
