benegas_group,map,hasCpG,med_ratio,se_ratio,mean_B,annotation
10,roulette,TRUE,0.513701939205084,0.00526676155247263,0.719224899208491,Benegas
10,gnomad,TRUE,0.541640306851028,0.00557803860734469,0.719224899208491,Benegas
10,carlson,TRUE,0.543675292166928,0.00575456218548587,0.719224899208491,Benegas
10,roulette,FALSE,0.712832773184447,0.00560331614639974,0.719224899208491,Benegas
10,carlson,FALSE,0.708619446028535,0.00778284081817743,0.719224899208491,Benegas
10,gnomad,FALSE,0.746070486147681,0.00329355913262467,0.719224899208491,Benegas
11,roulette,TRUE,0.521676334767535,0.00266185891930707,0.721658577371594,Benegas
11,gnomad,TRUE,0.554855851140233,0.00181373684250622,0.721658577371594,Benegas
11,carlson,TRUE,0.548407857253145,0.00291572329735205,0.721658577371594,Benegas
11,roulette,FALSE,0.717443927789934,0.00344509711217758,0.721658577371594,Benegas
11,gnomad,FALSE,0.743643983236878,0.0021968908590694,0.721658577371594,Benegas
11,carlson,FALSE,0.704670511433331,0.0041158498019809,0.721658577371594,Benegas
12,roulette,TRUE,0.539929879236464,0.00175309900896516,0.718442105124948,Benegas
12,gnomad,TRUE,0.569162995594715,0.00126486564913812,0.718442105124948,Benegas
12,carlson,TRUE,0.563014472616092,0.00167936396790726,0.718442105124948,Benegas
12,roulette,FALSE,0.717663210021819,0.00230058688510366,0.718442105124948,Benegas
12,gnomad,FALSE,0.742631986516647,0.00154882314051979,0.718442105124948,Benegas
12,carlson,FALSE,0.705662362378455,0.00243266293616197,0.718442105124948,Benegas
9,roulette,TRUE,0.516389976034318,0.00862974824273805,0.728544324512517,Benegas
9,gnomad,TRUE,0.534283422207539,0.00683002188419344,0.728544324512517,Benegas
9,carlson,TRUE,0.530291387068601,0.0104519796923067,0.728544324512517,Benegas
9,roulette,FALSE,0.730136668983089,0.00983801274447302,0.728544324512517,Benegas
9,carlson,FALSE,0.700231021483645,0.0140958795725661,0.728544324512517,Benegas
9,gnomad,FALSE,0.747667703243005,0.00560980636956943,0.728544324512517,Benegas
7,roulette,TRUE,0.562654004709123,0.0754212473724326,0.841804388657161,Benegas
7,carlson,TRUE,0.671811634256436,0.181529184408144,0.841804388657161,Benegas
7,gnomad,TRUE,0.501894205135401,0.0610572429788148,0.841804388657161,Benegas
7,roulette,FALSE,0.885069657489668,0.0686519051643048,0.841804388657161,Benegas
7,carlson,FALSE,0.90039738956017,0.193593736329292,0.841804388657161,Benegas
7,gnomad,FALSE,0.751754520031265,0.0572553089367838,0.841804388657161,Benegas
8,roulette,TRUE,0.536734989356298,0.0322871449010293,0.779317822942014,Benegas
8,gnomad,TRUE,0.528960829796033,0.0375694555782626,0.779317822942014,Benegas
8,carlson,TRUE,0.569192971194755,0.0632044819844007,0.779317822942014,Benegas
8,roulette,FALSE,0.738364566098662,0.0477639008001194,0.779317822942014,Benegas
8,gnomad,FALSE,0.737243408474243,0.0505334001238327,0.779317822942014,Benegas
8,carlson,FALSE,0.772403104527561,0.0734053939344814,0.779317822942014,Benegas
6,roulette,TRUE,0.585878404029337,0.0382867331378657,0.801678619420254,Benegas
6,carlson,TRUE,0.689345486598573,0.0604319454536492,0.801678619420254,Benegas
6,gnomad,TRUE,0.65954083963241,0.0637852305967918,0.801678619420254,Benegas
6,roulette,FALSE,0.851208298771609,0.0664645329941321,0.801678619420254,Benegas
6,carlson,FALSE,0.883677537510183,0.0673475592536944,0.801678619420254,Benegas
6,gnomad,FALSE,0.808798917164721,0.103976867315359,0.801678619420254,Benegas
5,roulette,TRUE,0.417388802269792,,0.434251603334762,Benegas
5,carlson,TRUE,0.429152585673069,,0.434251603334762,Benegas
5,gnomad,TRUE,0.247458187466882,,0.434251603334762,Benegas
5,roulette,FALSE,0.662023266268836,,0.434251603334762,Benegas
5,carlson,FALSE,0.830414475706299,,0.434251603334762,Benegas
5,gnomad,FALSE,0.596341023221645,,0.434251603334762,Benegas
